,ID,Month,Gender,Age,Education,monthlyGameEntry,Purchase,Stage,Score,monthlyIncome
1,1,January,1,27.47,MA,35,3,2,66,14183.64
2,2,January,1,43.67,BA,42,11,2,55,7582.19
3,3,January,1,23.29,MA,37,6,1,49,14329.51
4,4,January,1,71.91,PhD,9,4,5,57,12000
5,5,January,1,46.59,MA,37,4,3,51,14738.32
6,6,January,1,23.59,MA,30,5,2,37,13694.61
7,7,January,1,49.75,MA,70,6,5,29,14389.84
8,8,January,1,54.77,MA,60,3,5,48,11785.3
9,9,January,1,51.52,BA,58,3,4,47,8562.47
10,10,January,1,33.89,BA,43,5,3,39,7977.53
11,11,January,1,70.24,PhD,10,4,1,54,12000
12,12,January,1,47.8,MA,56,5,1,47,14821.22
13,13,January,1,27.58,MA,37,5,3,58,14918.98
14,14,January,1,10,Pupil,108,10,3,63,NA
15,15,January,1,62.5,MA,52,2,1,44,14619.83
16,16,January,1,39.1,BA,67,7,7,41,7971.94
17,17,January,1,39.68,BA,56,5,4,51,7922.1
18,18,January,1,58.88,MA,63,3,3,64,13521.85
19,19,January,1,56.42,MA,51,4,2,33,15358.68
20,20,January,1,51.88,MA,39,4,3,42,14387.67
21,21,January,1,58.38,MA,47,4,5,43,12622.94
22,22,January,1,55.64,BA,33,9,5,54,7792.5
23,23,January,1,41.49,MA,59,4,3,74,13940.69
24,24,January,1,10,Pupil,111,12,3,45,NA
25,25,January,1,52.4,MA,49,4,2,46,13746.64
26,26,January,1,38.88,BA,40,7,8,33,8348.48
27,27,January,1,36.88,MA,61,5,4,40,13311.24
28,28,January,1,10.58,Pupil,93,11,5,58,NA
29,29,January,1,30.44,MA,46,5,2,43,13887.65
30,30,January,1,48.36,BA,61,3,9,45,8440.55
31,31,January,1,67.17,MA,42,4,4,46,13387.97
32,32,January,1,37.94,MA,61,4,5,49,12870.64
33,33,January,1,47.75,MA,42,5,5,66,15980.4
34,34,January,1,38.92,PhD,10,6,1,62,12000
35,35,January,1,12.46,Pupil,90,11,1,70,NA
36,36,January,1,31.7,MA,37,4,4,31,16401.62
37,37,January,1,32.11,MA,54,4,6,45,14689.74
38,38,January,1,38.81,MA,49,4,5,60,13256.73
39,39,January,1,62,BA,57,7,1,47,8094.4
40,40,January,1,55.26,MA,42,2,1,53,15465.55
41,41,January,1,36.71,MA,49,4,3,44,16172.61
42,42,January,1,34.93,MA,64,4,5,31,13290.05
43,43,January,1,53.94,BA,52,8,3,38,8305.36
44,44,January,1,51.13,MA,58,3,4,69,12746.37
45,45,January,1,26.22,MA,48,4,4,47,13556.71
46,46,January,1,25.85,MA,40,4,1,68,14074.34
47,47,January,1,47.29,MA,50,3,6,59,13431.33
48,48,January,1,55.37,MA,38,4,1,57,15178.09
49,49,January,1,37.75,MA,24,2,3,66,14593.95
50,50,January,1,57.62,PhD,10,7,5,34,12000
51,51,January,1,47.96,MA,39,5,2,44,13695.82
52,52,January,1,27.76,MA,32,4,3,47,14267.1
53,53,January,1,46.82,MA,60,3,2,41,15207.87
54,54,January,1,17.41,Pupil,112,11,5,47,NA
55,55,January,1,68.66,BA,44,6,1,29,8793.42
56,56,January,1,79.61,MA,48,5,4,36,12723.41
57,57,January,3,32.66,BA,-2,4,3,56,7713.37
58,58,January,1,19.12,Soilder,60,5,4,52,877.54
59,59,January,1,51.39,MA,57,4,1,63,13379.63
60,60,January,1,37.3,MA,33,4,2,47,13089.08
61,61,January,1,88.03,MA,54,4,1,46,13345.42
62,62,January,1,39.22,PhD,12,6,1,46,12000
63,63,January,1,53.79,BA,57,6,3,40,8358.35
64,64,January,1,40.56,MA,26,5,6,52,14384.19
65,65,January,1,25.13,MA,48,6,2,38,13364.26
66,66,January,1,43.78,PhD,10,6,2,55,12000
67,67,January,1,10,Pupil,114,9,1,48,NA
68,68,January,1,69.31,MA,33,4,3,58,13607.19
69,69,January,1,43.07,PhD,10,8,6,62,12000
70,70,January,1,83.45,MA,55,4,2,46,14494.19
71,71,January,1,49.51,MA,48,4,3,46,13494.04
72,72,January,1,25.8,MA,60,5,1,50,13785.42
73,73,January,1,52.21,BA,53,3,6,43,7910.22
74,74,January,1,21.32,MA,51,4,2,66,14712.67
75,75,January,1,14.93,Pupil,99,10,2,49,NA
76,76,January,1,45.83,MA,52,3,1,59,13675.73
77,77,January,1,31.13,BA,37,4,3,54,8030.08
78,78,January,1,40.02,MA,73,3,3,64,14531.5
79,79,January,1,41.49,MA,36,2,1,48,14306.56
80,80,January,1,28.21,MA,50,2,6,23,13699.02
81,81,January,1,28.63,MA,45,3,1,56,13347.91
82,82,January,1,37.3,MA,68,4,1,40,12085.64
83,83,January,1,63.56,BA,60,5,1,55,8588.29
84,84,January,1,10,Pupil,83,9,3,40,NA
85,85,January,1,51.88,BA,52,7,7,49,7442.04
86,86,January,1,46.66,BA,62,4,3,44,7624.59
87,87,January,1,61.26,MA,72,6,3,48,14017.4
88,88,January,1,33.92,MA,53,3,4,43,12359.39
89,89,January,1,47.4,PhD,10,6,9,40,12000
90,90,January,1,45.34,MA,40,4,8,52,13681.93
91,91,January,1,29.15,MA,70,3,1,38,12512.54
92,92,January,1,64.16,BA,29,5,2,47,7462.4
93,93,January,1,63.21,MA,81,5,7,47,13378.73
94,94,January,1,54,MA,47,3,1,44,15869.29
95,95,January,1,71.74,BA,45,8,4,67,8212.55
96,96,January,1,51.17,BA,52,4,2,31,7880.68
97,97,January,1,14.47,Pupil,111,12,3,50,NA
98,98,January,1,28.53,MA,53,3,2,38,16206.1
99,99,January,1,15.51,Pupil,97,7,5,37,NA
100,100,January,1,30.53,PhD,10,3,2,50,12000
101,101,January,1,27.59,BA,55,8,5,72,8103.77
102,102,January,1,40.84,MA,57,6,3,64,14105.8
103,103,January,1,21.78,MA,40,4,2,52,13922.85
104,104,January,1,43.16,MA,26,4,5,43,13965.27
105,105,January,1,26.91,MA,47,5,7,70,16075.25
106,106,January,1,75.35,BA,41,4,1,48,8513.7
107,107,January,1,54.33,MA,42,5,3,41,12768.68
108,108,January,1,58.2,MA,40,5,1,36,14219.92
109,109,January,1,47.68,PhD,9,4,8,44,12000
110,110,January,1,73.64,MA,47,5,1,67,13841.25
111,111,January,1,27.29,MA,58,5,1,61,13233.92
112,112,January,1,30.77,BA,60,3,5,56,7784.89
113,113,January,1,68.65,MA,42,3,7,34,13822.9
114,114,January,1,26.99,BA,47,9,2,47,8201.01
115,115,January,1,35.85,BA,54,5,3,61,7634.13
116,116,January,1,32.14,MA,64,5,3,47,12791.92
117,117,January,1,33.6,MA,49,3,6,43,15441.16
118,118,January,1,34.42,BA,33,6,3,51,7492.08
119,119,January,1,49.88,MA,52,4,2,43,13618.92
120,120,January,1,36.45,BA,49,7,7,46,8204.7
121,121,January,1,29.88,MA,68,6,2,74,15586.59
122,122,January,1,66.86,BA,53,8,1,56,7834.55
123,123,January,1,35.71,MA,44,2,2,62,16497.66
124,124,January,1,36.41,BA,46,8,4,50,8333.53
125,125,January,1,38,BA,45,6,4,45,8270.66
126,126,January,1,54.25,PhD,10,8,7,57,12000
127,127,January,1,38.53,MA,52,5,2,35,13835.62
128,128,January,1,39.25,MA,59,4,1,65,13599.75
129,129,January,1,26.37,MA,53,3,7,48,14987.84
130,130,January,1,33.51,MA,46,6,8,20,13691.26
131,131,January,1,41.2,BA,41,4,2,41,7373.36
132,132,January,1,28.22,MA,56,5,2,46,13955.29
133,133,January,1,50.63,MA,49,2,2,70,14002.13
134,134,January,1,10,Pupil,94,9,7,49,NA
135,135,January,1,46.13,MA,61,3,2,35,15803.14
136,136,January,1,10,Pupil,97,7,2,47,NA
137,137,January,1,33.98,MA,40,4,3,41,14263.18
138,138,January,1,29.43,BA,66,9,1,34,7507.09
139,139,January,1,26.96,BA,41,6,2,43,6555.54
140,140,January,1,38.86,MA,53,3,1,31,14570.51
141,141,January,1,10,Pupil,99,10,4,77,NA
142,142,January,1,63.53,MA,47,5,3,53,12813.54
143,143,January,1,10,Pupil,111,10,5,56,NA
144,144,January,1,30.73,MA,43,5,5,38,15034.11
145,145,January,1,17.68,Pupil,102,8,4,63,NA
146,146,January,1,24.98,MA,50,5,2,55,11999.84
147,147,January,1,81.74,MA,41,3,9,41,13744.33
148,148,January,1,40.35,MA,62,4,1,49,15020.46
149,149,January,1,14.27,Pupil,101,11,6,46,NA
150,150,January,1,10,Pupil,99,10,4,63,NA
151,151,January,1,49,BA,35,6,2,48,8347.78
152,152,January,1,39.63,MA,52,5,2,61,11596.9
153,153,January,1,33.64,BA,53,4,7,57,8286.37
154,154,January,1,21.41,BA,39,5,3,47,8187.36
155,155,January,1,10.25,Pupil,96,12,2,50,NA
156,156,January,1,18.5,Soilder,40,7,4,41,961.08
157,157,January,1,60,MA,57,4,1,45,14857.41
158,158,January,1,27.57,MA,52,6,7,36,14270.05
159,159,January,1,12.31,Pupil,96,8,1,46,NA
160,160,January,1,77.39,MA,41,4,3,46,13060.17
161,161,January,1,48.5,MA,51,4,3,48,14394.38
162,162,January,1,35.23,MA,45,3,1,75,16649.17
163,163,January,1,61.17,MA,35,4,1,51,15130.21
164,164,January,1,57.73,MA,52,2,1,35,14741
165,165,January,1,27.62,PhD,9,6,7,59,12000
166,166,January,1,84.12,MA,44,5,5,47,14398.13
167,167,January,1,34.9,PhD,10,8,3,64,12000
168,168,January,1,11.51,Pupil,113,9,3,51,NA
169,169,January,1,37.11,BA,50,9,4,66,7709.69
170,170,January,1,44.15,MA,69,3,5,50,13331.82
171,171,January,1,86.16,BA,57,7,8,45,8472.59
172,172,January,1,42.12,BA,73,10,8,70,8216.85
173,173,January,1,49.14,MA,53,5,3,36,13609.88
174,174,January,1,38.46,MA,39,4,4,54,14244.16
175,175,January,1,33.32,BA,54,6,6,40,7286.87
176,176,January,1,39.31,MA,41,6,3,62,14134.45
177,177,January,1,55.75,BA,40,6,3,54,8382.8
178,178,January,1,81.5,BA,48,5,1,46,8477.57
179,179,January,1,60.55,MA,59,4,8,46,13694.18
180,180,January,1,64.16,MA,53,5,9,59,12952.7
181,181,January,1,15.37,Pupil,120,9,1,39,NA
182,182,January,1,59.68,MA,59,6,9,42,15512.21
183,183,January,1,44.4,MA,48,4,4,54,14567.22
184,184,January,1,10.65,Pupil,90,11,3,58,NA
185,185,January,1,50.42,PhD,11,6,4,33,12000
186,186,January,1,36.82,MA,72,4,7,52,13545.86
187,187,January,1,69.29,MA,51,3,4,38,13964.08
188,188,January,1,24.68,BA,36,9,4,44,8534.58
189,189,January,1,31.4,MA,46,4,4,63,13878.99
190,190,January,1,21.48,MA,41,3,5,60,14494.31
191,191,January,1,36.46,BA,50,0,5,48,8653.95
192,192,January,1,48.04,PhD,11,5,3,41,12000
193,193,January,1,25.37,MA,59,5,5,53,12130.21
194,194,January,1,56.61,BA,52,3,2,66,8241.01
195,195,January,1,15.84,Pupil,105,9,1,59,NA
196,196,January,1,19.04,Soilder,58,8,3,54,1017.05
197,197,January,1,68.82,BA,63,0,6,51,7567.98
198,198,January,1,19.68,Soilder,73,6,4,61,1067.92
199,199,January,1,48.24,MA,45,4,3,59,12430.92
200,200,January,1,32.38,MA,55,4,2,58,15364.43
201,201,January,1,48.19,MA,62,4,8,43,14732.75
202,202,January,1,73.78,BA,49,6,4,23,8473.29
203,203,January,1,71.73,PhD,10,6,5,44,12000
204,204,January,1,33.38,BA,52,6,2,63,7823.84
205,205,January,1,10,Pupil,95,11,5,48,NA
206,206,January,1,89.95,BA,52,7,1,44,7468.27
207,207,January,1,53.34,BA,60,9,1,30,8123.11
208,208,January,1,50.83,BA,54,7,4,44,7855.25
209,209,January,1,39.73,MA,45,2,1,42,12591.15
210,210,January,1,50.2,BA,28,5,6,44,8458.01
211,211,January,1,36.71,MA,42,4,1,51,14803.28
212,212,January,1,48.41,BA,50,7,3,48,8943.74
213,213,January,1,32,MA,25,5,3,63,14677.27
214,214,January,1,12.6,Pupil,104,10,3,34,NA
215,215,January,1,59.76,MA,35,6,3,35,14596.23
216,216,January,1,70.39,PhD,9,4,1,39,12000
217,217,January,1,33.83,PhD,10,8,5,50,12000
218,218,January,1,14.93,Pupil,81,10,2,72,NA
219,219,January,1,52.84,MA,57,1,2,64,15314
220,220,January,1,39.11,MA,47,3,4,46,13570.02
221,221,January,1,10,Pupil,98,11,3,42,NA
222,222,January,1,40.04,MA,59,5,5,63,14567.95
223,223,January,1,27.39,BA,40,4,4,53,7713.73
224,224,January,1,33.18,BA,43,8,3,46,7318.35
225,225,January,1,16.87,Pupil,96,11,1,50,NA
226,226,January,1,76.06,MA,40,3,5,62,13931.16
227,227,January,1,33.38,MA,54,3,2,49,13991.69
228,228,January,1,10,Pupil,101,10,1,52,NA
229,229,January,1,43.94,PhD,10,5,4,58,12000
230,230,January,1,45.26,MA,51,6,5,45,14762.59
231,231,January,1,20.28,Soilder,55,5,4,30,1111.14
232,232,January,1,10,Pupil,91,10,7,50,NA
233,233,January,1,27.19,MA,45,5,2,62,13943.48
234,234,January,1,51.41,MA,57,2,4,48,14344.85
235,235,January,1,38.81,MA,55,2,3,57,13188.83
236,236,January,1,38.04,BA,51,8,1,45,8662
237,237,January,1,51.22,MA,42,5,2,41,15091.67
238,238,January,1,16.27,Pupil,103,10,3,54,NA
239,239,January,1,61.94,MA,58,3,3,46,15592.91
240,240,January,1,39.89,BA,57,7,3,58,8022.51
241,241,January,1,54.15,MA,45,3,3,60,14865.22
242,242,January,1,60.68,MA,43,5,1,46,15895.65
243,243,January,1,44.47,MA,55,3,1,51,13609.13
244,244,January,1,22.43,MA,60,4,7,59,13624.34
245,245,January,1,63.26,PhD,10,6,2,65,12000
246,246,January,1,10,Pupil,97,13,1,46,NA
247,247,January,1,29.1,PhD,9,9,2,45,12000
248,248,January,1,34.89,BA,46,4,2,47,7805.92
249,249,January,1,36.68,BA,35,4,3,62,8326.27
250,250,January,1,60.41,MA,43,5,2,42,13227.89
251,251,January,2,42.72,MA,51,3,1,44,14523.62
252,252,January,2,48.14,MA,51,5,2,47,13748.84
253,253,January,2,38.61,BA,31,4,1,37,7285
254,254,January,2,35.05,PhD,12,7,2,46,12000
255,255,January,2,53.91,MA,41,5,3,46,13289.63
256,256,January,2,62.92,MA,23,4,4,51,12240.53
257,257,January,2,10,Pupil,106,13,9,57,NA
258,258,January,2,51.45,MA,21,2,3,66,13220.43
259,259,January,2,47.49,PhD,9,7,3,58,12000
260,260,January,2,31.49,MA,50,3,9,37,11966.71
261,261,January,2,59.02,MA,35,5,3,65,12468.2
262,262,January,2,32.22,BA,38,4,4,58,7987.5
263,263,January,2,34.31,MA,24,5,8,51,13801.8
264,264,January,2,57.15,BA,25,6,4,63,8446
265,265,January,2,74.39,MA,44,4,1,55,13352.34
266,266,January,2,45.4,MA,38,5,1,48,13566.17
267,267,January,2,31.56,MA,34,6,2,44,13981.74
268,268,January,2,16.22,Pupil,109,10,3,59,NA
269,269,January,2,33.38,MA,29,1,5,28,12633.89
270,270,January,2,21.2,MA,60,4,2,48,14236.8
271,271,January,2,34.82,MA,37,2,3,39,14961.7
272,272,January,2,47.89,MA,48,3,1,30,13247.12
273,273,January,2,22.96,BA,48,4,4,52,7222.19
274,274,January,2,92.98,BA,48,4,1,49,7273.05
275,275,January,2,43.12,BA,43,5,5,30,8028.17
276,276,January,2,62.6,BA,27,6,7,47,8254.68
277,277,January,2,10,Pupil,79,8,2,54,NA
278,278,January,2,54.82,BA,48,5,1,56,8267.89
279,279,January,2,13.68,Pupil,95,14,1,53,NA
280,280,January,2,58.4,PhD,11,6,3,57,12000
281,281,January,2,47.96,MA,35,5,6,52,14004.88
282,282,January,2,31.85,MA,36,4,5,54,13294.09
283,283,January,2,66.49,MA,32,5,3,49,15480.21
284,284,January,2,25.98,BA,38,9,2,40,8541.71
285,285,January,2,28.39,BA,49,5,1,53,7593.38
286,286,January,2,19.98,Soilder,45,6,1,59,838.11
287,287,January,2,26.64,MA,38,4,2,73,14440.89
288,288,January,2,58.9,BA,49,6,9,46,8675.5
289,289,January,2,48.67,MA,57,3,5,50,14364.38
290,290,January,2,60.1,MA,40,4,6,29,15193.96
291,291,January,2,32.2,MA,45,4,2,42,13642.7
292,292,January,2,47.53,BA,43,5,1,63,7426.59
293,293,January,2,44.88,BA,30,3,4,47,7741.29
294,294,January,2,11.47,Pupil,96,15,3,56,NA
295,295,January,2,75.57,MA,59,6,1,57,13833.3
296,296,January,2,42.69,MA,49,3,7,41,12027.07
297,297,January,2,55.31,MA,47,5,5,50,12909.43
298,298,January,2,59.1,MA,41,6,8,52,13114.38
299,299,January,2,38.99,MA,45,4,3,47,17810.28
300,300,January,2,33.88,MA,42,3,5,52,14307.57
301,301,January,2,57.87,MA,40,3,6,43,14347.65
302,302,January,2,19.05,Soilder,42,9,2,38,912.67
303,303,January,2,79.43,MA,30,4,4,55,13703.13
304,304,January,2,32.33,PhD,9,8,1,64,12000
305,305,January,2,73.08,PhD,10,7,2,52,12000
306,306,January,2,70.24,BA,37,9,7,49,8495.8
307,307,January,2,41.66,MA,52,6,2,47,12627.29
308,308,January,2,51.34,MA,34,4,3,64,15159.42
309,309,January,2,19.51,Soilder,57,5,1,61,888.58
310,310,January,2,46.46,MA,36,1,6,64,13064.1
311,311,January,2,60.87,MA,17,3,1,56,14047.49
312,312,January,2,41.98,MA,54,4,1,53,14231.5
313,313,January,2,30.92,MA,51,4,5,55,14374.12
314,314,January,2,26.88,BA,32,4,5,53,7817
315,315,January,2,39.28,BA,26,2,1,38,8595.05
316,316,January,2,61.38,BA,22,10,1,72,7631.34
317,317,January,2,30.32,MA,37,4,2,39,13115.15
318,318,January,2,37.58,MA,22,4,8,60,13952.27
319,319,January,2,14.12,Pupil,83,10,6,38,NA
320,320,January,2,49.89,MA,42,5,3,41,14681.4
321,321,January,2,66.16,BA,49,2,3,43,8071.62
322,322,January,2,69.94,MA,32,3,5,38,15169.23
323,323,January,2,56.29,BA,39,7,1,49,8039.6
324,324,January,2,10,Pupil,95,13,1,42,NA
325,325,January,2,49.64,MA,57,3,1,52,14303.36
326,326,January,2,49.12,BA,30,9,2,70,8640.87
327,327,January,2,32.93,MA,24,5,6,57,13692.98
328,328,January,2,43.41,MA,22,4,8,33,14355.14
329,329,January,2,22.72,MA,46,5,1,55,14018.61
330,330,January,2,53.58,BA,39,3,4,51,8659.22
331,331,January,2,33.46,MA,48,4,1,69,13299.7
332,332,January,2,10,Pupil,105,6,6,55,NA
333,333,January,2,32.65,MA,44,4,2,47,14496.96
334,334,January,2,67.29,MA,42,4,3,37,12882.86
335,335,January,2,33.31,BA,40,8,1,50,7802.5
336,336,January,2,54.66,BA,34,3,2,62,8774.92
337,337,January,2,58.93,MA,53,3,2,41,11668.29
338,338,January,2,40.09,PhD,11,7,8,42,12000
339,339,January,2,32.95,PhD,9,6,4,60,12000
340,340,January,2,29.41,MA,42,3,3,59,12784.64
341,341,January,2,54.79,MA,58,4,2,47,14701.24
342,342,January,2,18.73,Soilder,47,6,3,45,941.25
343,343,January,2,44.92,BA,37,8,2,47,7696.64
344,344,January,2,34.21,MA,40,5,3,61,13752.49
345,345,January,2,10,Pupil,98,9,7,51,NA
346,346,January,2,11.82,Pupil,109,8,1,53,NA
347,347,January,2,58.32,MA,57,5,2,66,14805.7
348,348,January,2,36.17,MA,51,4,6,59,14848.42
349,349,January,2,56.07,BA,32,6,6,62,8493.38
350,350,January,2,77.75,BA,44,7,2,67,8287.81
351,351,January,2,69.48,MA,42,6,1,47,12037.65
352,352,January,2,53.55,MA,29,3,4,49,12623.48
353,353,January,2,47.6,MA,55,4,2,52,15584.63
354,354,January,2,36.14,MA,38,6,6,55,14488.3
355,355,January,2,71.56,MA,42,5,3,45,13855.13
356,356,January,2,51.92,MA,44,4,1,52,14376.24
357,357,January,2,16.53,Pupil,92,9,1,43,NA
358,358,January,2,36.89,MA,29,4,3,54,15393.85
359,359,January,2,10,Pupil,90,6,4,41,NA
360,360,January,2,36.09,PhD,11,8,2,48,12000
361,361,January,2,10,Pupil,92,9,2,64,NA
362,362,January,2,66.28,PhD,11,7,8,47,12000
363,363,January,2,27.29,MA,43,3,4,43,13658.93
364,364,January,2,31.4,MA,45,6,1,56,14528.31
365,365,January,2,36.61,MA,26,5,1,20,13863.33
366,366,January,2,52.24,MA,47,3,2,51,12503.37
367,367,January,2,53.57,MA,32,4,1,52,16001.72
368,368,January,2,51.36,MA,35,4,5,73,14164.37
369,369,January,2,28.55,MA,39,4,2,44,13614.79
370,370,January,2,12.73,Pupil,86,15,3,42,NA
371,371,January,2,32.23,MA,39,4,4,73,13701.4
372,372,January,2,45.56,MA,36,2,3,54,13751.99
373,373,January,2,23.54,MA,33,4,8,50,13744.49
374,374,January,2,38.62,MA,34,2,3,55,15784.66
375,375,January,2,16.65,Pupil,118,11,4,46,NA
376,376,January,2,39.83,BA,27,8,1,38,7449.63
377,377,January,2,42.58,PhD,11,5,4,58,12000
378,378,January,2,37.08,BA,15,2,1,51,7876.76
379,379,January,2,36.72,MA,33,4,3,49,15362.64
380,380,January,2,75.27,MA,35,3,2,37,13488.78
381,381,January,2,55.25,BA,55,2,6,42,7634.4
382,382,January,2,62.23,BA,30,10,1,55,8009.88
383,383,January,2,21.54,MA,31,2,3,40,13296.67
384,384,January,2,43.29,MA,26,5,2,55,14465.21
385,385,January,2,63.1,MA,42,3,6,62,14559.22
386,386,January,2,38.87,MA,52,2,5,59,13659.52
387,387,January,2,10,Pupil,107,9,1,37,NA
388,388,January,2,46.9,BA,36,6,3,51,7981.8
389,389,January,2,10,Pupil,84,12,3,50,NA
390,390,January,2,23.78,MA,33,2,2,59,13676.35
391,391,January,2,66.48,MA,47,4,1,54,14060.92
392,392,January,2,52.31,MA,44,3,3,37,15829.73
393,393,January,2,61.83,MA,27,3,2,47,14254.14
394,394,January,2,46.13,PhD,7,8,2,61,12000
395,395,January,2,37.8,BA,48,5,6,59,8001.21
396,396,January,2,21.51,MA,35,5,1,68,12915.28
397,397,January,2,71.86,BA,31,4,2,40,8352.42
398,398,January,2,40.9,BA,36,10,3,43,8165.49
399,399,January,2,25.7,MA,48,5,3,46,13156.66
400,400,January,2,57.3,BA,34,6,4,60,7514.71
401,401,January,2,61.49,MA,21,2,2,51,13677.53
402,402,January,2,77.91,BA,39,6,3,65,7330.6
403,403,January,2,27.94,PhD,11,4,1,56,12000
404,404,January,2,32.18,MA,28,4,4,51,16189.75
405,405,January,2,31.68,MA,38,3,2,68,15181.69
406,406,January,2,32.49,BA,28,5,2,55,7736.32
407,407,January,2,32.67,MA,41,3,1,57,14572.97
408,408,January,2,34.09,MA,39,3,3,50,12944.81
409,409,January,2,68.84,MA,40,3,2,48,14210.91
410,410,January,2,26.05,MA,34,3,3,43,15077.85
411,411,January,2,32.24,MA,33,3,9,37,14216.64
412,412,January,2,53.05,MA,49,4,6,48,12934.25
413,413,January,2,62.5,MA,41,4,5,50,13343.82
414,414,January,2,24.56,MA,38,5,3,68,15556.05
415,415,January,2,29.84,MA,8,3,7,62,14930.57
416,416,January,2,50.47,MA,27,4,4,46,12032.8
417,417,January,2,60.36,PhD,9,5,7,59,12000
418,418,January,2,34.98,MA,36,4,3,39,14145.11
419,419,January,2,11.4,Pupil,76,11,3,51,NA
420,420,January,2,74.18,MA,36,5,3,55,13695.49
421,421,January,2,68.7,PhD,9,9,6,33,12000
422,422,January,2,25.79,BA,35,4,3,62,8985.79
423,423,January,2,38.7,PhD,10,5,1,43,12000
424,424,January,2,10,Pupil,100,8,2,32,NA
425,425,January,2,51.39,MA,50,3,4,38,12476.84
426,426,January,2,72.25,MA,52,4,2,30,15360.92
427,427,January,2,10,Pupil,118,13,3,46,NA
428,428,January,2,24.41,MA,48,5,1,58,13762.4
429,429,January,2,27.18,MA,30,3,4,44,13672.19
430,430,January,2,26.38,BA,39,6,7,38,6793.77
431,431,January,2,10,Pupil,97,13,1,47,NA
432,432,January,2,50.02,BA,40,7,1,50,8065.48
433,433,January,2,10,Pupil,111,11,4,52,NA
434,434,January,2,39.5,MA,34,3,3,54,15743.56
435,435,January,2,51.86,PhD,10,7,3,48,12000
436,436,January,2,36.04,MA,61,3,4,49,14070.66
437,437,January,2,57.84,MA,44,2,7,61,14863.78
438,438,January,2,39.49,PhD,11,8,2,66,12000
439,439,January,2,27.05,BA,61,6,2,42,7822.61
440,440,January,2,52.93,MA,32,4,1,55,14936.29
441,441,January,2,31.32,BA,51,4,3,50,7468.8
442,442,January,2,75.45,MA,36,3,3,63,14424.25
443,443,January,2,39.63,MA,30,4,6,59,14925.08
444,444,January,2,57.06,BA,52,6,1,61,7900.69
445,445,January,2,44.1,PhD,11,5,2,47,12000
446,446,January,2,10,Pupil,105,6,4,60,NA
447,447,January,2,12.68,Pupil,87,13,3,57,NA
448,448,January,2,31.52,MA,36,5,5,37,13032.94
449,449,January,2,44.74,MA,24,3,1,41,15033.67
450,450,January,2,10,Pupil,92,14,3,64,NA
451,451,January,2,59.23,MA,24,6,8,45,12545.31
452,452,January,2,27.91,MA,59,3,1,63,12749.52
453,453,January,2,24.94,MA,21,5,1,57,12709.23
454,454,January,2,10,Pupil,80,14,1,39,NA
455,455,January,2,10.92,Pupil,110,12,5,45,NA
456,456,January,2,41.13,MA,49,3,7,37,13988.72
457,457,January,2,50.19,BA,38,6,2,52,8309.84
458,458,January,2,10,Pupil,87,10,5,15,NA
459,459,January,2,19.91,Soilder,47,3,1,62,1017.57
460,460,January,2,50.72,BA,54,9,1,53,8846.39
461,461,January,2,30.94,MA,24,5,1,58,15282.23
462,462,January,2,83.31,MA,53,4,2,48,12887.5
463,463,January,2,64.91,BA,42,9,1,64,7830.16
464,464,January,2,51.91,MA,37,2,4,52,14928.85
465,465,January,2,40.1,MA,53,5,1,40,13937.28
466,466,January,2,45.59,MA,49,3,1,49,15087.15
467,467,January,2,25.88,MA,53,4,1,59,13613.73
468,468,January,2,52.56,BA,37,4,2,36,8561.79
469,469,January,2,69.6,BA,48,5,5,49,7620.08
470,470,January,2,61.67,MA,43,5,1,42,13157.52
471,471,January,2,23.74,MA,35,4,2,35,14891.38
472,472,January,2,10,Pupil,87,11,2,71,NA
473,473,January,2,37.81,BA,42,6,8,52,7944.21
474,474,January,2,48.82,MA,39,5,3,55,13211.4
475,475,January,2,67.02,MA,45,4,5,51,15382.28
476,476,January,2,13.63,Pupil,102,12,4,34,NA
477,477,January,2,47.29,BA,33,7,9,51,7889.55
478,478,January,2,44.67,MA,39,3,1,63,13989.07
479,479,January,2,63.88,BA,66,8,6,64,7387.5
480,480,January,2,39.44,BA,39,9,3,45,6701.94
481,481,January,2,32.85,MA,37,5,4,65,12913.09
482,482,January,2,17.06,Pupil,82,12,4,65,NA
483,483,January,2,29.65,MA,44,4,6,58,13400.37
484,484,January,2,32.76,MA,35,4,2,67,13574.02
485,485,January,2,87.01,PhD,11,5,3,60,12000
486,486,January,2,88.93,MA,48,5,3,55,12273.37
487,487,January,2,36.67,BA,41,1,4,31,8176.7
488,488,January,2,19.13,Soilder,45,6,2,57,1072.68
489,489,January,2,10,Pupil,107,5,2,51,NA
490,490,January,2,50.29,BA,23,9,3,42,7882.32
491,491,January,2,18.19,Soilder,41,8,4,48,1197.96
492,492,January,2,85.69,MA,64,5,3,40,12290.72
493,493,January,2,22.29,BA,25,8,3,62,7168.17
494,494,January,2,42.22,BA,30,7,2,48,8245.55
495,495,January,2,116.21,MA,27,4,4,37,14961.29
496,496,January,2,17.82,Pupil,103,10,1,51,NA
497,497,January,2,46.15,PhD,10,8,3,37,12000
498,498,January,2,17.86,Pupil,102,7,6,37,NA
499,499,January,2,46.95,PhD,12,5,1,32,12000
500,500,January,2,22.53,MA,27,3,2,43,13983.04
501,1,February,1,27.47,MA,35,3,2,87,15800.11
502,2,February,1,43.67,BA,42,11,2,72,8505.72
503,3,February,1,23.29,MA,37,3,1,65,14205.42
504,4,February,1,71.91,PhD,11,4,5,75,12000
505,5,February,1,46.59,MA,37,6,3,67,14302.27
506,6,February,1,23.59,MA,30,3,2,49,13016.46
507,7,February,1,49.75,MA,71,6,5,38,11929.43
508,8,February,1,54.77,MA,61,7,5,63,13738.65
509,9,February,1,51.52,BA,59,3,4,62,7772.8
510,10,February,1,33.89,BA,43,5,3,51,8078.78
511,11,February,1,70.24,PhD,11,4,1,71,12000
512,12,February,1,47.8,MA,57,4,1,62,12043.85
513,13,February,1,27.58,MA,37,4,3,76,14450.42
514,14,February,1,10,Pupil,107,8,3,83,NA
515,15,February,1,62.5,MA,53,2,1,58,13675.42
516,16,February,1,39.1,BA,68,7,7,54,7527.85
517,17,February,1,39.68,BA,57,5,4,67,7617.06
518,18,February,1,58.88,MA,64,3,3,84,13602
519,19,February,1,56.42,MA,52,4,2,43,14796.09
520,20,February,1,51.88,MA,39,5,3,55,13205.47
521,21,February,1,58.38,MA,47,4,5,57,14361.44
522,22,February,1,55.64,BA,33,9,5,71,8699.4
523,23,February,1,41.49,MA,60,4,3,98,12301.13
524,24,February,1,10,Pupil,102,10,3,59,NA
525,25,February,1,52.4,MA,50,6,2,61,14343.42
526,26,February,1,38.88,BA,40,7,8,43,7688.48
527,27,February,1,36.88,MA,62,4,4,53,13494.7
528,28,February,1,10.58,Pupil,102,10,5,76,NA
529,29,February,1,30.44,MA,46,5,2,57,14320.18
530,30,February,1,48.36,BA,62,3,9,59,7816.66
531,31,February,1,67.17,MA,42,3,4,61,14634.7
532,32,February,1,37.94,MA,62,4,5,65,14182.84
533,33,February,1,47.75,MA,42,5,5,87,15752.04
534,34,February,1,38.92,PhD,9,6,1,82,12000
535,35,February,1,12.46,Pupil,116,8,1,92,NA
536,36,February,1,31.7,MA,37,4,4,41,14222.37
537,37,February,1,32.11,MA,55,4,6,59,15394.25
538,38,February,1,38.81,MA,50,3,5,79,14660.53
539,39,February,1,62,BA,58,7,1,62,7993.37
540,40,February,1,55.26,MA,42,3,1,70,15214.69
541,41,February,1,36.71,MA,50,2,3,58,13473.85
542,42,February,1,34.93,MA,65,2,5,41,14194.32
543,43,February,1,53.94,BA,53,8,3,50,8132.21
544,44,February,1,51.13,MA,59,3,4,91,14650.95
545,45,February,1,26.22,MA,48,3,4,62,14659.2
546,46,February,1,25.85,MA,40,4,1,90,14715.28
547,47,February,1,47.29,MA,51,3,6,78,14095.35
548,48,February,1,55.37,MA,38,4,1,75,12531.12
549,49,February,1,37.75,MA,24,4,3,87,15773.76
550,50,February,1,57.62,PhD,9,7,5,45,12000
551,51,February,1,47.96,MA,39,4,2,58,14689.24
552,52,February,1,27.76,MA,32,4,3,62,15943.54
553,53,February,1,46.82,MA,61,5,2,54,16321.33
554,54,February,1,17.41,Pupil,103,8,5,62,NA
555,55,February,1,68.66,BA,44,6,1,38,8210.67
556,56,February,1,79.61,MA,48,3,4,47,12992.94
557,57,February,1,32.66,BA,46,4,3,74,7905.26
558,58,February,1,19.12,Soilder,61,5,4,69,1093.39
559,59,February,1,51.39,MA,58,4,1,83,14814.02
560,60,February,1,37.3,MA,33,5,2,62,13828.15
561,61,February,1,88.03,MA,55,2,1,61,14795.91
562,62,February,1,39.22,PhD,12,6,1,61,12000
563,63,February,1,53.79,BA,58,6,3,53,8029.19
564,64,February,1,40.56,MA,26,3,6,69,13632.45
565,65,February,1,25.13,MA,48,3,2,50,13958.36
566,66,February,1,43.78,PhD,11,6,2,72,12000
567,67,February,1,10,Pupil,109,10,1,63,NA
568,68,February,1,69.31,MA,33,3,3,76,14813.25
569,69,February,1,43.07,PhD,11,8,6,82,12000
570,70,February,1,83.45,MA,56,6,2,61,13506.35
571,71,February,1,49.51,MA,48,4,3,61,15193.69
572,72,February,1,25.8,MA,61,4,1,66,14524.86
573,73,February,1,52.21,BA,54,3,6,57,8107.21
574,74,February,1,21.32,MA,52,4,2,87,14168.51
575,75,February,1,14.93,Pupil,110,11,2,65,NA
576,76,February,1,45.83,MA,53,4,1,78,11760.22
577,77,February,1,31.13,BA,37,4,3,71,7602.47
578,78,February,1,40.02,MA,74,4,3,84,11485.57
579,79,February,1,41.49,MA,36,6,1,63,12511.24
580,80,February,1,28.21,MA,51,3,6,30,15457.74
581,81,February,1,28.63,MA,45,2,1,74,14739.06
582,82,February,1,37.3,MA,69,4,1,53,14455.88
583,83,February,1,63.56,BA,61,5,1,72,8439.06
584,84,February,1,10,Pupil,90,9,3,53,NA
585,85,February,1,51.88,BA,53,7,7,65,6501.53
586,86,February,1,46.66,BA,63,4,3,58,7519.47
587,87,February,1,61.26,MA,73,4,3,63,14505.07
588,88,February,1,33.92,MA,54,6,4,57,14064.63
589,89,February,1,47.4,PhD,10,6,9,53,12000
590,90,February,1,45.34,MA,40,4,8,69,13513.16
591,91,February,1,29.15,MA,71,5,1,50,14464.23
592,92,February,1,64.16,BA,29,5,2,62,8064.71
593,93,February,1,63.21,MA,82,3,7,62,13959.85
594,94,February,1,54,MA,47,5,1,58,14676.45
595,95,February,1,71.74,BA,45,8,4,88,7758.67
596,96,February,1,51.17,BA,53,4,2,41,7665.44
597,97,February,1,14.47,Pupil,105,12,3,66,NA
598,98,February,1,28.53,MA,54,4,2,50,13686.71
599,99,February,1,15.51,Pupil,91,9,5,49,NA
600,100,February,1,30.53,PhD,9,3,2,66,12000
601,101,February,1,27.59,BA,56,8,5,95,7651.34
602,102,February,1,40.84,MA,58,5,3,84,15111.93
603,103,February,1,21.78,MA,40,3,2,69,14210.73
604,104,February,1,43.16,MA,26,4,5,57,12337.35
605,105,February,1,26.91,MA,47,5,7,92,12087.65
606,106,February,1,75.35,BA,41,4,1,63,7376.62
607,107,February,1,54.33,MA,42,5,3,54,13459.13
608,108,February,1,58.2,MA,40,4,1,47,12378.06
609,109,February,1,47.68,PhD,9,4,8,58,12000
610,110,February,1,73.64,MA,47,4,1,88,13825.45
611,111,February,1,27.29,MA,59,3,1,80,12665.97
612,112,February,1,30.77,BA,61,3,5,74,7451.35
613,113,February,1,68.65,MA,42,6,7,45,13673.51
614,114,February,1,26.99,BA,47,9,2,62,8387
615,115,February,1,35.85,BA,55,5,3,80,8392.5
616,116,February,1,32.14,MA,65,5,3,62,14294.81
617,117,February,1,33.6,MA,50,3,6,57,12990.5
618,118,February,1,34.42,BA,33,6,3,67,8375.7
619,119,February,1,49.88,MA,53,3,2,57,14527.54
620,120,February,1,36.45,BA,50,7,7,61,7733.23
621,121,February,1,29.88,MA,69,4,2,98,13210.43
622,122,February,1,66.86,BA,54,8,1,74,7884.93
623,123,February,1,35.71,MA,44,5,2,82,14453.73
624,124,February,1,36.41,BA,46,8,4,66,7883.77
625,125,February,1,38,BA,45,6,4,59,8435
626,126,February,1,54.25,PhD,12,8,7,75,12000
627,127,February,1,38.53,MA,53,4,2,46,14470.49
628,128,February,1,39.25,MA,60,4,1,86,13022.1
629,129,February,1,26.37,MA,54,3,7,63,15919.77
630,130,February,1,33.51,MA,46,5,8,26,14742.08
631,131,February,1,41.2,BA,41,4,2,54,8073.79
632,132,February,1,28.22,MA,57,4,2,61,14151.86
633,133,February,1,50.63,MA,50,4,2,92,14223.42
634,134,February,1,10,Pupil,90,15,7,65,NA
635,135,February,1,46.13,MA,62,5,2,46,13748.79
636,136,February,1,10,Pupil,112,9,2,62,NA
637,137,February,1,33.98,MA,40,6,3,54,13605.63
638,138,February,1,29.43,BA,67,9,1,45,6839.25
639,139,February,1,26.96,BA,41,6,2,57,8682.06
640,140,February,1,38.86,MA,54,5,1,41,13225.68
641,141,February,1,10,Pupil,86,6,4,101,NA
642,142,February,1,63.53,MA,47,4,3,70,12166.07
643,143,February,1,10,Pupil,92,10,5,74,NA
644,144,February,1,30.73,MA,43,5,5,50,13180.04
645,145,February,1,17.68,Pupil,99,11,4,83,NA
646,146,February,1,24.98,MA,51,6,2,72,13041.46
647,147,February,1,81.74,MA,41,2,9,54,12154.39
648,148,February,1,40.35,MA,63,5,1,65,13939.88
649,149,February,1,14.27,Pupil,108,10,6,61,NA
650,150,February,1,10,Pupil,104,10,4,83,NA
651,151,February,1,49,BA,35,6,2,63,8011.77
652,152,February,1,39.63,MA,53,3,2,80,15262.01
653,153,February,1,33.64,BA,54,4,7,75,7797.11
654,154,February,1,21.41,BA,39,5,3,62,8333.38
655,155,February,1,10.25,Pupil,102,14,2,66,NA
656,156,February,1,18.5,Soilder,40,7,4,54,1071.12
657,157,February,1,60,MA,58,4,1,59,13990.85
658,158,February,1,27.57,MA,53,4,7,47,11909.15
659,159,February,1,12.31,Pupil,117,12,1,61,NA
660,160,February,1,77.39,MA,41,3,3,61,14382.01
661,161,February,1,48.5,MA,52,4,3,63,12867.24
662,162,February,1,35.23,MA,45,5,1,99,13751.75
663,163,February,1,61.17,MA,35,4,1,67,14404.87
664,164,February,1,57.73,MA,53,3,1,46,12914.57
665,165,February,1,27.62,PhD,10,6,7,78,12000
666,166,February,1,84.12,MA,44,5,5,62,14073.83
667,167,February,1,34.9,PhD,11,8,3,84,12000
668,168,February,1,11.51,Pupil,103,11,3,67,NA
669,169,February,1,37.11,BA,51,9,4,87,7298.55
670,170,February,1,44.15,MA,70,5,5,66,13210.2
671,171,February,1,86.16,BA,58,7,8,59,7767.14
672,172,February,1,42.12,BA,74,10,8,92,7947.57
673,173,February,1,49.14,MA,54,2,3,47,13900.46
674,174,February,1,38.46,MA,39,4,4,71,13281.49
675,175,February,1,33.32,BA,55,6,6,53,7722.7
676,176,February,1,39.31,MA,41,5,3,82,12741.08
677,177,February,1,55.75,BA,40,6,3,71,7892.31
678,178,February,1,81.5,BA,48,5,1,61,6764.02
679,179,February,1,60.55,MA,60,3,8,61,13498.7
680,180,February,1,64.16,MA,54,6,9,78,13037.98
681,181,February,1,15.37,Pupil,91,7,1,51,NA
682,182,February,1,59.68,MA,60,4,9,55,15154.09
683,183,February,1,44.4,MA,48,3,4,71,13574.28
684,184,February,1,10.65,Pupil,114,9,3,76,NA
685,185,February,1,50.42,PhD,11,6,4,43,12000
686,186,February,1,36.82,MA,73,4,7,69,12694.6
687,187,February,1,69.29,MA,52,5,4,50,14795.17
688,188,February,1,24.68,BA,36,9,4,58,7755.9
689,189,February,1,31.4,MA,46,3,4,83,13609.58
690,190,February,1,21.48,MA,41,5,5,79,13435.75
691,191,February,1,36.46,BA,51,0,5,63,7062.9
692,192,February,1,48.04,PhD,10,5,3,54,12000
693,193,February,1,25.37,MA,60,5,5,70,12840.88
694,194,February,1,56.61,BA,53,3,2,87,7881.04
695,195,February,1,15.84,Pupil,88,10,1,78,NA
696,196,February,1,19.04,Soilder,59,8,3,71,986.75
697,197,February,1,68.82,BA,64,0,6,67,7983.16
698,198,February,1,19.68,Soilder,74,6,4,80,937.77
699,199,February,1,48.24,MA,45,3,3,78,14871.45
700,200,February,1,32.38,MA,56,4,2,76,13813.06
701,201,February,1,48.19,MA,63,1,8,57,12724.38
702,202,February,1,73.78,BA,50,6,4,30,8381.45
703,203,February,1,71.73,PhD,10,6,5,58,12000
704,204,February,1,33.38,BA,53,6,2,83,7395.84
705,205,February,1,10,Pupil,96,9,5,63,NA
706,206,February,1,89.95,BA,53,7,1,58,7749.28
707,207,February,1,53.34,BA,61,9,1,40,8248.31
708,208,February,1,50.83,BA,55,7,4,58,8760.44
709,209,February,1,39.73,MA,45,5,1,55,15246.12
710,210,February,1,50.2,BA,28,5,6,58,7835.07
711,211,February,1,36.71,MA,42,5,1,67,13018.92
712,212,February,1,48.41,BA,51,7,3,63,7930.39
713,213,February,1,32,MA,25,6,3,83,13987.17
714,214,February,1,12.6,Pupil,97,9,3,45,NA
715,215,February,1,59.76,MA,35,5,3,46,16106.19
716,216,February,1,70.39,PhD,10,4,1,51,12000
717,217,February,1,33.83,PhD,10,8,5,66,12000
718,218,February,1,14.93,Pupil,121,8,2,95,NA
719,219,February,1,52.84,MA,58,5,2,84,13578.65
720,220,February,1,39.11,MA,47,3,4,61,15218.31
721,221,February,1,10,Pupil,82,9,3,55,NA
722,222,February,1,40.04,MA,60,4,5,83,13557.68
723,223,February,1,27.39,BA,40,4,4,70,7181
724,224,February,1,33.18,BA,43,8,3,61,7679.3
725,225,February,1,16.87,Pupil,84,14,1,66,NA
726,226,February,1,76.06,MA,40,2,5,82,11893.88
727,227,February,1,33.38,MA,55,5,2,65,14907.44
728,228,February,1,10,Pupil,98,10,1,69,NA
729,229,February,1,43.94,PhD,11,5,4,76,12000
730,230,February,1,45.26,MA,52,5,5,59,12409.44
731,231,February,1,20.28,Soilder,56,5,4,40,1130.45
732,232,February,1,10,Pupil,102,9,7,66,NA
733,233,February,1,27.19,MA,45,5,2,82,14939.77
734,234,February,1,51.41,MA,58,5,4,63,13708.84
735,235,February,1,38.81,MA,56,5,3,75,14295.73
736,236,February,1,38.04,BA,52,8,1,59,7741.4
737,237,February,1,51.22,MA,42,6,2,54,14161.73
738,238,February,1,16.27,Pupil,99,11,3,71,NA
739,239,February,1,61.94,MA,59,4,3,61,13294.23
740,240,February,1,39.89,BA,58,7,3,76,7973.41
741,241,February,1,54.15,MA,45,7,3,79,13927.41
742,242,February,1,60.68,MA,43,4,1,61,14734.33
743,243,February,1,44.47,MA,56,4,1,67,13461.7
744,244,February,1,22.43,MA,61,3,7,78,14847.8
745,245,February,1,63.26,PhD,10,6,2,86,12000
746,246,February,1,10,Pupil,105,9,1,61,NA
747,247,February,1,29.1,PhD,8,9,2,59,12000
748,248,February,1,34.89,BA,46,4,2,62,8034.55
749,249,February,1,36.68,BA,35,4,3,82,9195.29
750,250,February,1,60.41,MA,43,3,2,55,13015.19
751,251,February,2,42.72,MA,52,3,1,71,13634.87
752,252,February,2,48.14,MA,52,5,2,59,13846.68
753,253,February,2,38.61,BA,31,4,1,53,7872.21
754,254,February,2,35.05,PhD,9,7,2,62,12000
755,255,February,2,53.91,MA,41,4,3,55,15035.33
756,256,February,2,62.92,MA,23,6,4,40,15314.7
757,257,February,2,10,Pupil,91,9,9,31,NA
758,258,February,2,51.45,MA,21,5,3,52,13989.96
759,259,February,2,47.49,PhD,10,7,3,51,12000
760,260,February,2,31.49,MA,51,3,9,42,13573.47
761,261,February,2,59.02,MA,35,3,3,58,13071.44
762,262,February,2,32.22,BA,38,4,4,51,7640.55
763,263,February,2,34.31,MA,24,4,8,63,13994.33
764,264,February,2,57.15,BA,25,6,4,68,8316.72
765,265,February,2,74.39,MA,44,3,1,48,13142.99
766,266,February,2,45.4,MA,38,6,1,44,14993.87
767,267,February,2,31.56,MA,34,5,2,55,15699.97
768,268,February,2,16.22,Pupil,90,14,3,69,NA
769,269,February,2,33.38,MA,29,5,5,36,14307.02
770,270,February,2,21.2,MA,61,5,2,45,14061.34
771,271,February,2,34.82,MA,37,4,3,46,12423.77
772,272,February,2,47.89,MA,48,5,1,58,16142.32
773,273,February,2,22.96,BA,48,4,4,80,9044.89
774,274,February,2,92.98,BA,48,4,1,49,8084.9
775,275,February,2,43.12,BA,43,5,5,50,7946.06
776,276,February,2,62.6,BA,27,6,7,36,8091
777,277,February,2,10,Pupil,111,13,2,43,NA
778,278,February,2,54.82,BA,48,5,1,63,8203.97
779,279,February,2,13.68,Pupil,111,10,1,46,NA
780,280,February,2,58.4,PhD,10,6,3,49,12000
781,281,February,2,47.96,MA,35,5,6,50,17639.57
782,282,February,2,31.85,MA,36,4,5,53,13331.85
783,283,February,2,66.49,MA,32,4,3,71,13594.17
784,284,February,2,25.98,BA,38,9,2,67,8317.64
785,285,February,2,28.39,BA,50,5,1,76,8170.62
786,286,February,2,19.98,Soilder,45,6,1,33,1131.62
787,287,February,2,26.64,MA,38,3,2,49,12794.42
788,288,February,2,58.9,BA,50,6,9,65,8783.79
789,289,February,2,48.67,MA,58,4,5,51,13077.59
790,290,February,2,60.1,MA,40,3,6,57,13447.64
791,291,February,2,32.2,MA,45,5,2,48,13472.72
792,292,February,2,47.53,BA,43,5,1,33,8670.92
793,293,February,2,44.88,BA,30,3,4,41,8121.92
794,294,February,2,11.47,Pupil,102,10,3,75,NA
795,295,February,2,75.57,MA,60,4,1,51,13832.32
796,296,February,2,42.69,MA,50,5,7,73,12661.24
797,297,February,2,55.31,MA,47,5,5,64,13649.32
798,298,February,2,59.1,MA,41,5,8,62,13941.59
799,299,February,2,38.99,MA,45,3,3,71,14346.91
800,300,February,2,33.88,MA,42,3,5,37,15124.39
801,301,February,2,57.87,MA,40,3,6,48,12212.22
802,302,February,2,19.05,Soilder,42,9,2,51,914.6
803,303,February,2,79.43,MA,30,3,4,44,13174.07
804,304,February,2,32.33,PhD,10,8,1,51,12000
805,305,February,2,73.08,PhD,9,7,2,31,12000
806,306,February,2,70.24,BA,37,9,7,39,7794.63
807,307,February,2,41.66,MA,53,4,2,60,12836.35
808,308,February,2,51.34,MA,34,5,3,56,13997.44
809,309,February,2,19.51,Soilder,58,5,1,68,996.18
810,310,February,2,46.46,MA,36,2,6,51,13698.77
811,311,February,2,60.87,MA,17,3,1,50,14847.3
812,312,February,2,41.98,MA,55,5,1,50,15231.25
813,313,February,2,30.92,MA,52,3,5,43,13203.95
814,314,February,2,26.88,BA,32,4,5,56,7955.24
815,315,February,2,39.28,BA,26,2,1,41,7470.17
816,316,February,2,61.38,BA,22,10,1,59,7197.84
817,317,February,2,30.32,MA,37,5,2,52,14068.16
818,318,February,2,37.58,MA,22,5,8,63,12796.93
819,319,February,2,14.12,Pupil,97,8,6,67,NA
820,320,February,2,49.89,MA,42,3,3,50,14229.21
821,321,February,2,66.16,BA,50,2,3,50,7592.5
822,322,February,2,69.94,MA,32,3,5,54,12693.83
823,323,February,2,56.29,BA,39,7,1,46,7282.89
824,324,February,2,10,Pupil,91,13,1,71,NA
825,325,February,2,49.64,MA,58,3,1,53,12886.83
826,326,February,2,49.12,BA,30,9,2,64,7297.25
827,327,February,2,32.93,MA,24,4,6,58,13605.99
828,328,February,2,43.41,MA,22,4,8,69,13717.29
829,329,February,2,22.72,MA,46,5,1,52,14720.09
830,330,February,2,53.58,BA,39,3,4,25,8528.03
831,331,February,2,33.46,MA,48,4,1,60,15114.36
832,332,February,2,10,Pupil,99,12,6,43,NA
833,333,February,2,32.65,MA,44,4,2,59,13318.49
834,334,February,2,67.29,MA,42,3,3,43,13291.09
835,335,February,2,33.31,BA,40,8,1,53,7625.66
836,336,February,2,54.66,BA,34,3,2,48,8288.04
837,337,February,2,58.93,MA,54,4,2,52,13369.66
838,338,February,2,40.09,PhD,9,7,8,46,12000
839,339,February,2,32.95,PhD,12,6,4,43,12000
840,340,February,2,29.41,MA,42,4,3,56,12751.2
841,341,February,2,54.79,MA,59,4,2,41,14093.3
842,342,February,2,18.73,Soilder,47,6,3,51,1083.3
843,343,February,2,44.92,BA,37,8,2,51,7957.53
844,344,February,2,34.21,MA,40,4,3,48,12960.56
845,345,February,2,10,Pupil,108,10,7,72,NA
846,346,February,2,11.82,Pupil,107,13,1,33,NA
847,347,February,2,58.32,MA,58,4,2,54,13717.45
848,348,February,2,36.17,MA,52,3,6,41,13423.6
849,349,February,2,56.07,BA,32,6,6,40,7542.57
850,350,February,2,77.75,BA,44,7,2,54,8184.96
851,351,February,2,69.48,MA,42,3,1,78,12254.64
852,352,February,2,53.55,MA,29,3,4,69,15084.28
853,353,February,2,47.6,MA,56,4,2,56,13505.75
854,354,February,2,36.14,MA,38,5,6,46,13648.52
855,355,February,2,71.56,MA,42,4,3,76,14072.99
856,356,February,2,51.92,MA,44,5,1,52,15292.57
857,357,February,2,16.53,Pupil,113,12,1,44,NA
858,358,February,2,36.89,MA,29,4,3,39,15879.64
859,359,February,2,10,Pupil,120,13,4,48,NA
860,360,February,2,36.09,PhD,10,8,2,72,12000
861,361,February,2,10,Pupil,90,10,2,66,NA
862,362,February,2,66.28,PhD,9,7,8,60,12000
863,363,February,2,27.29,MA,43,4,4,37,13449.49
864,364,February,2,31.4,MA,45,5,1,51,16189.46
865,365,February,2,36.61,MA,26,5,1,66,14741.82
866,366,February,2,52.24,MA,47,4,2,51,16180.83
867,367,February,2,53.57,MA,32,4,1,46,15376.3
868,368,February,2,51.36,MA,35,6,5,55,14160.38
869,369,February,2,28.55,MA,39,1,2,46,13670.07
870,370,February,2,12.73,Pupil,105,7,3,50,NA
871,371,February,2,32.23,MA,39,3,4,80,14906.38
872,372,February,2,45.56,MA,36,1,3,60,14233.56
873,373,February,2,23.54,MA,33,4,8,67,13341.45
874,374,February,2,38.62,MA,34,4,3,54,14054.48
875,375,February,2,16.65,Pupil,102,10,4,49,NA
876,376,February,2,39.83,BA,27,8,1,62,7732.37
877,377,February,2,42.58,PhD,10,5,4,38,12000
878,378,February,2,37.08,BA,15,2,1,70,8693.85
879,379,February,2,36.72,MA,33,5,3,52,15497.05
880,380,February,2,75.27,MA,35,4,2,22,14583.08
881,381,February,2,55.25,BA,56,2,6,44,8251.68
882,382,February,2,62.23,BA,30,10,1,50,7628.38
883,383,February,2,21.54,MA,31,3,3,76,15870.28
884,384,February,2,43.29,MA,26,3,2,53,14950.71
885,385,February,2,63.1,MA,42,4,6,38,12900.92
886,386,February,2,38.87,MA,53,2,5,51,12793.69
887,387,February,2,10,Pupil,80,8,1,44,NA
888,388,February,2,46.9,BA,36,6,3,37,8486.7
889,389,February,2,10,Pupil,94,13,3,46,NA
890,390,February,2,23.78,MA,33,4,2,33,13062.01
891,391,February,2,66.48,MA,47,4,1,83,13410.98
892,392,February,2,52.31,MA,44,4,3,57,14060
893,393,February,2,61.83,MA,27,4,2,60,14758.4
894,394,February,2,46.13,PhD,11,8,2,41,12000
895,395,February,2,37.8,BA,48,5,6,68,8388.32
896,396,February,2,21.51,MA,35,4,1,59,13193.13
897,397,February,2,71.86,BA,31,4,2,44,8224.68
898,398,February,2,40.9,BA,36,10,3,53,8206.32
899,399,February,2,25.7,MA,48,4,3,50,13611.91
900,400,February,2,57.3,BA,34,6,4,68,8547.59
901,401,February,2,61.49,MA,21,5,2,52,14114.41
902,402,February,2,77.91,BA,39,6,3,66,7803.87
903,403,February,2,27.94,PhD,12,4,1,62,12000
904,404,February,2,32.18,MA,28,3,4,51,13088.07
905,405,February,2,31.68,MA,38,5,2,54,13074.69
906,406,February,2,32.49,BA,28,5,2,44,8446.79
907,407,February,2,32.67,MA,41,3,1,49,14538.95
908,408,February,2,34.09,MA,39,4,3,39,14891.77
909,409,February,2,68.84,MA,40,5,2,50,13896.53
910,410,February,2,26.05,MA,34,5,3,50,12200.23
911,411,February,2,32.24,MA,33,4,9,52,12789.86
912,412,February,2,53.05,MA,50,4,6,81,13986.01
913,413,February,2,62.5,MA,41,4,5,55,13811.68
914,414,February,2,24.56,MA,38,5,3,38,13845.99
915,415,February,2,29.84,MA,8,6,7,64,12095.83
916,416,February,2,50.47,MA,27,4,4,51,16114.53
917,417,February,2,60.36,PhD,9,5,7,69,12000
918,418,February,2,34.98,MA,36,3,3,55,13602.43
919,419,February,2,11.4,Pupil,101,10,3,71,NA
920,420,February,2,74.18,MA,36,4,3,54,15926.34
921,421,February,2,68.7,PhD,10,9,6,49,12000
922,422,February,2,25.79,BA,35,4,3,76,8546.03
923,423,February,2,38.7,PhD,7,5,1,39,12000
924,424,February,2,10,Pupil,111,13,2,58,NA
925,425,February,2,51.39,MA,51,4,4,43,13775.14
926,426,February,2,72.25,MA,53,6,2,67,14041.22
927,427,February,2,10,Pupil,110,11,3,58,NA
928,428,February,2,24.41,MA,48,4,1,50,13707.91
929,429,February,2,27.18,MA,30,3,4,50,11861.68
930,430,February,2,26.38,BA,39,6,7,64,7988.75
931,431,February,2,10,Pupil,103,9,1,42,NA
932,432,February,2,50.02,BA,40,7,1,45,8315.4
933,433,February,2,10,Pupil,105,9,4,58,NA
934,434,February,2,39.5,MA,34,4,3,63,15295.26
935,435,February,2,51.86,PhD,10,7,3,36,12000
936,436,February,2,36.04,MA,62,5,4,56,14486.06
937,437,February,2,57.84,MA,44,6,7,41,14102.43
938,438,February,2,39.49,PhD,9,8,2,48,12000
939,439,February,2,27.05,BA,62,6,2,68,7769.78
940,440,February,2,52.93,MA,32,4,1,65,13730.6
941,441,February,2,31.32,BA,52,4,3,52,7915.22
942,442,February,2,75.45,MA,36,5,3,44,13224.45
943,443,February,2,39.63,MA,30,2,6,57,16019.33
944,444,February,2,57.06,BA,53,6,1,71,8217.61
945,445,February,2,44.1,PhD,11,5,2,64,12000
946,446,February,2,10,Pupil,97,10,4,58,NA
947,447,February,2,12.68,Pupil,78,11,3,55,NA
948,448,February,2,31.52,MA,36,4,5,66,13093.31
949,449,February,2,44.74,MA,24,3,1,64,15343.58
950,450,February,2,10,Pupil,105,9,3,63,NA
951,451,February,2,59.23,MA,24,4,8,46,12653.29
952,452,February,2,27.91,MA,60,5,1,25,12091.26
953,453,February,2,24.94,MA,21,3,1,48,14676.69
954,454,February,2,10,Pupil,112,7,1,68,NA
955,455,February,2,10.92,Pupil,106,11,5,52,NA
956,456,February,2,41.13,MA,50,4,7,48,13373.83
957,457,February,2,50.19,BA,38,6,2,32,7572.01
958,458,February,2,10,Pupil,102,12,5,48,NA
959,459,February,2,19.91,Soilder,47,3,1,45,851.14
960,460,February,2,50.72,BA,55,9,1,48,7474.81
961,461,February,2,30.94,MA,24,6,1,55,12792.67
962,462,February,2,83.31,MA,54,1,2,52,14017.46
963,463,February,2,64.91,BA,42,9,1,68,8172.1
964,464,February,2,51.91,MA,37,4,4,37,13126.55
965,465,February,2,40.1,MA,54,4,1,38,13822.61
966,466,February,2,45.59,MA,50,5,1,42,14300.94
967,467,February,2,25.88,MA,54,5,1,54,14325.47
968,468,February,2,52.56,BA,37,4,2,78,8204.03
969,469,February,2,69.6,BA,48,5,5,69,8379.92
970,470,February,2,61.67,MA,43,2,1,50,14517.84
971,471,February,2,23.74,MA,35,3,2,45,14363.16
972,472,February,2,10,Pupil,113,9,2,68,NA
973,473,February,2,37.81,BA,42,6,8,57,7595.92
974,474,February,2,48.82,MA,39,4,3,50,15585.42
975,475,February,2,67.02,MA,45,4,5,54,14148.76
976,476,February,2,13.63,Pupil,95,9,4,67,NA
977,477,February,2,47.29,BA,33,7,9,53,7930.06
978,478,February,2,44.67,MA,39,2,1,56,15234.1
979,479,February,2,63.88,BA,67,8,6,63,7832.27
980,480,February,2,39.44,BA,39,9,3,49,6999.5
981,481,February,2,32.85,MA,37,4,4,32,13759.03
982,482,February,2,17.06,Pupil,82,14,4,54,NA
983,483,February,2,29.65,MA,44,3,6,67,12646.45
984,484,February,2,32.76,MA,35,4,2,52,15033.23
985,485,February,2,87.01,PhD,10,5,3,62,12000
986,486,February,2,88.93,MA,48,4,3,49,12897.8
987,487,February,2,36.67,BA,41,1,4,44,8477.64
988,488,February,2,19.13,Soilder,45,6,2,58,1031.28
989,489,February,2,10,Pupil,101,11,2,50,NA
990,490,February,2,50.29,BA,23,9,3,63,8499.48
991,491,February,2,18.19,Soilder,41,8,4,65,926.75
992,492,February,2,85.69,MA,65,4,3,50,13010.55
993,493,February,2,22.29,BA,25,8,3,55,9114.78
994,494,February,2,42.22,BA,30,7,2,64,8228.37
995,495,February,2,116.21,MA,27,4,4,70,13509.56
996,496,February,2,17.82,Pupil,98,8,1,50,NA
997,497,February,2,46.15,PhD,10,8,3,49,12000
998,498,February,2,17.86,Pupil,106,9,6,51,NA
999,499,February,2,46.95,PhD,9,5,1,67,12000
1000,500,February,2,22.53,MA,27,2,2,45,14568.91
1001,1,March,1,27.47,MA,29,4,3,102,13788.68
1002,2,March,1,43.67,BA,35,11,3,84,7724.45
1003,3,March,1,23.29,MA,31,4,2,76,12624.79
1004,4,March,1,71.91,PhD,9,4,6,88,12000
1005,5,March,1,46.59,MA,31,3,4,78,13638.71
1006,6,March,1,23.59,MA,25,5,3,57,14714.66
1007,7,March,1,49.75,MA,59,3,6,44,15418.01
1008,8,March,1,54.77,MA,51,3,6,74,13507.18
1009,9,March,1,51.52,BA,49,3,5,73,7633.47
1010,10,March,1,33.89,BA,36,5,4,60,8079.62
1011,11,March,1,70.24,PhD,8,4,2,83,12000
1012,12,March,1,47.8,MA,47,5,2,73,15207.03
1013,13,March,1,27.58,MA,31,5,4,89,13918.01
1014,14,March,1,10,Pupil,112,11,4,97,NA
1015,15,March,1,62.5,MA,44,5,2,68,14177.79
1016,16,March,1,39.1,BA,56,7,8,63,8146.13
1017,17,March,1,39.68,BA,47,5,5,78,6943.33
1018,18,March,1,58.88,MA,53,3,4,98,15014.03
1019,19,March,1,56.42,MA,43,4,3,50,12781.29
1020,20,March,1,51.88,MA,32,3,4,64,13444.2
1021,21,March,1,58.38,MA,39,6,6,67,13820.41
1022,22,March,1,55.64,BA,27,9,6,83,7677.63
1023,23,March,1,41.49,MA,50,2,4,115,12098.13
1024,24,March,1,10,Pupil,112,8,4,69,NA
1025,25,March,1,52.4,MA,41,6,3,71,13670.9
1026,26,March,1,38.88,BA,33,7,9,50,6836.8
1027,27,March,1,36.88,MA,51,6,5,62,12917.52
1028,28,March,1,10.58,Pupil,95,10,6,89,NA
1029,29,March,1,30.44,MA,38,4,3,67,12481.33
1030,30,March,1,48.36,BA,51,3,10,69,7244.71
1031,31,March,1,67.17,MA,35,5,5,71,13291.58
1032,32,March,1,37.94,MA,51,5,6,76,15707.76
1033,33,March,1,47.75,MA,35,3,6,102,13293.1
1034,34,March,1,38.92,PhD,8,6,2,96,12000
1035,35,March,1,12.46,Pupil,119,8,2,108,NA
1036,36,March,1,31.7,MA,31,4,5,48,12636.05
1037,37,March,1,32.11,MA,46,5,7,69,15610.98
1038,38,March,1,38.81,MA,41,4,6,92,13599.48
1039,39,March,1,62,BA,48,7,2,73,7165.21
1040,40,March,1,55.26,MA,35,5,2,82,14691.49
1041,41,March,1,36.71,MA,41,4,4,68,15204.34
1042,42,March,1,34.93,MA,54,5,6,48,13537.78
1043,43,March,1,53.94,BA,44,8,4,58,7387.11
1044,44,March,1,51.13,MA,49,5,5,106,14693.21
1045,45,March,1,26.22,MA,40,3,5,73,17153.97
1046,46,March,1,25.85,MA,33,1,2,105,13991.86
1047,47,March,1,47.29,MA,42,5,7,91,15482.35
1048,48,March,1,55.37,MA,32,5,2,88,14148.35
1049,49,March,1,37.75,MA,20,5,4,102,14557.58
1050,50,March,1,57.62,PhD,10,7,6,53,12000
1051,51,March,1,47.96,MA,32,3,3,68,15216.24
1052,52,March,1,27.76,MA,27,4,4,73,13705.61
1053,53,March,1,46.82,MA,51,4,3,63,14011.5
1054,54,March,1,17.41,Pupil,80,9,6,73,NA
1055,55,March,1,68.66,BA,36,6,2,44,8306.15
1056,56,March,1,79.61,MA,40,5,5,55,12729.19
1057,57,March,1,32.66,BA,38,4,4,87,7674.72
1058,58,March,1,19.12,Soilder,51,5,5,81,755.68
1059,59,March,1,51.39,MA,48,5,2,97,14005.11
1060,60,March,1,37.3,MA,27,5,3,73,13436.81
1061,61,March,1,88.03,MA,46,4,2,71,14977.08
1062,62,March,1,39.22,PhD,10,6,2,71,12000
1063,63,March,1,53.79,BA,48,6,4,62,8424.33
1064,64,March,1,40.56,MA,22,5,7,81,12409.43
1065,65,March,1,25.13,MA,40,4,3,58,11514.02
1066,66,March,1,43.78,PhD,10,6,3,84,12000
1067,67,March,1,10,Pupil,94,12,2,74,NA
1068,68,March,1,69.31,MA,27,4,4,89,13402.78
1069,69,March,1,43.07,PhD,10,8,7,96,12000
1070,70,March,1,83.45,MA,46,4,3,71,12986.97
1071,71,March,1,49.51,MA,40,3,4,71,12757.31
1072,72,March,1,25.8,MA,51,2,2,77,13475.46
1073,73,March,1,52.21,BA,45,3,7,67,7990.74
1074,74,March,1,21.32,MA,43,2,3,102,14467.85
1075,75,March,1,14.93,Pupil,93,11,3,76,NA
1076,76,March,1,45.83,MA,44,4,2,91,13625.97
1077,77,March,1,31.13,BA,31,4,4,83,7027.54
1078,78,March,1,40.02,MA,61,2,4,98,11459.34
1079,79,March,1,41.49,MA,30,5,2,74,13639.33
1080,80,March,1,28.21,MA,42,6,7,35,12544.12
1081,81,March,1,28.63,MA,37,5,2,87,15076.12
1082,82,March,1,37.3,MA,57,3,2,62,14714.09
1083,83,March,1,63.56,BA,51,5,2,84,8290.69
1084,84,March,1,10,Pupil,99,13,4,62,NA
1085,85,March,1,51.88,BA,44,7,8,76,7860.23
1086,86,March,1,46.66,BA,52,4,4,68,9013.87
1087,87,March,1,61.26,MA,61,3,4,74,15312.32
1088,88,March,1,33.92,MA,45,3,5,67,14354.25
1089,89,March,1,47.4,PhD,10,6,10,62,12000
1090,90,March,1,45.34,MA,33,4,9,81,13911.92
1091,91,March,1,29.15,MA,59,5,2,58,14031.44
1092,92,March,1,64.16,BA,24,5,3,73,8679.47
1093,93,March,1,63.21,MA,68,4,8,73,14174.31
1094,94,March,1,54,MA,39,4,2,68,13575.24
1095,95,March,1,71.74,BA,37,8,5,103,8103.96
1096,96,March,1,51.17,BA,44,4,3,48,8496.46
1097,97,March,1,14.47,Pupil,108,12,4,77,NA
1098,98,March,1,28.53,MA,45,6,3,58,14357.04
1099,99,March,1,15.51,Pupil,102,13,6,57,NA
1100,100,March,1,30.53,PhD,10,3,3,77,12000
1101,101,March,1,27.59,BA,46,8,6,111,7495.89
1102,102,March,1,40.84,MA,48,3,4,98,13345.49
1103,103,March,1,21.78,MA,33,3,3,81,15418.18
1104,104,March,1,43.16,MA,22,3,6,67,15118.97
1105,105,March,1,26.91,MA,39,6,8,108,13596.71
1106,106,March,1,75.35,BA,34,4,2,74,8185.05
1107,107,March,1,54.33,MA,35,3,4,63,16919.23
1108,108,March,1,58.2,MA,33,3,2,55,15178.49
1109,109,March,1,47.68,PhD,11,4,9,68,12000
1110,110,March,1,73.64,MA,39,5,2,103,15024.68
1111,111,March,1,27.29,MA,49,5,2,94,14608.19
1112,112,March,1,30.77,BA,51,3,6,87,7553.55
1113,113,March,1,68.65,MA,35,4,8,53,13625.29
1114,114,March,1,26.99,BA,39,9,3,73,9420.09
1115,115,March,1,35.85,BA,46,5,4,94,8366.2
1116,116,March,1,32.14,MA,54,5,4,73,11780.35
1117,117,March,1,33.6,MA,41,3,7,67,13023.34
1118,118,March,1,34.42,BA,27,6,4,78,7706.46
1119,119,March,1,49.88,MA,44,3,3,67,14643.64
1120,120,March,1,36.45,BA,41,7,8,71,7881.35
1121,121,March,1,29.88,MA,57,4,3,115,15189.56
1122,122,March,1,66.86,BA,45,8,2,87,6945.53
1123,123,March,1,35.71,MA,36,4,3,96,14863.4
1124,124,March,1,36.41,BA,38,8,5,77,8537.35
1125,125,March,1,38,BA,37,6,5,69,7897.07
1126,126,March,1,54.25,PhD,10,8,8,88,12000
1127,127,March,1,38.53,MA,44,4,3,54,13568.92
1128,128,March,1,39.25,MA,50,4,2,101,12646.18
1129,129,March,1,26.37,MA,45,4,8,74,14234.12
1130,130,March,1,33.51,MA,38,3,9,30,12886.67
1131,131,March,1,41.2,BA,34,4,3,63,7184.68
1132,132,March,1,28.22,MA,47,4,3,71,15722.63
1133,133,March,1,50.63,MA,41,3,3,108,13363.34
1134,134,March,1,10,Pupil,128,6,8,76,NA
1135,135,March,1,46.13,MA,51,4,3,54,14664.5
1136,136,March,1,10,Pupil,95,12,3,73,NA
1137,137,March,1,33.98,MA,33,5,4,63,14053.32
1138,138,March,1,29.43,BA,56,9,2,53,7416.33
1139,139,March,1,26.96,BA,34,6,3,67,8161.68
1140,140,March,1,38.86,MA,45,4,2,48,13114.05
1141,141,March,1,10,Pupil,102,11,5,118,NA
1142,142,March,1,63.53,MA,39,4,4,82,14848.77
1143,143,March,1,10,Pupil,75,11,6,87,NA
1144,144,March,1,30.73,MA,36,3,6,58,14286.54
1145,145,March,1,17.68,Pupil,111,10,5,97,NA
1146,146,March,1,24.98,MA,42,4,3,84,11369.84
1147,147,March,1,81.74,MA,34,3,10,63,14749.15
1148,148,March,1,40.35,MA,52,3,2,76,13887.62
1149,149,March,1,14.27,Pupil,103,9,7,71,NA
1150,150,March,1,10,Pupil,91,7,5,97,NA
1151,151,March,1,49,BA,29,6,3,74,8132.13
1152,152,March,1,39.63,MA,44,2,3,94,13074.77
1153,153,March,1,33.64,BA,45,4,8,88,7944.21
1154,154,March,1,21.41,BA,32,5,4,73,7517.38
1155,155,March,1,10.25,Pupil,98,12,3,77,NA
1156,156,March,1,18.5,Soilder,33,7,5,63,1001.81
1157,157,March,1,60,MA,48,4,2,69,15598.89
1158,158,March,1,27.57,MA,44,4,8,55,14285.46
1159,159,March,1,12.31,Pupil,80,10,2,71,NA
1160,160,March,1,77.39,MA,34,3,4,71,12775.99
1161,161,March,1,48.5,MA,43,5,4,74,13978.46
1162,162,March,1,35.23,MA,37,5,2,116,13091.51
1163,163,March,1,61.17,MA,29,2,2,78,14162.94
1164,164,March,1,57.73,MA,44,5,2,54,16544.6
1165,165,March,1,27.62,PhD,11,6,8,91,12000
1166,166,March,1,84.12,MA,36,5,6,73,13384.25
1167,167,March,1,34.9,PhD,10,8,4,98,12000
1168,168,March,1,11.51,Pupil,95,11,4,78,NA
1169,169,March,1,37.11,BA,42,9,5,102,7408.22
1170,170,March,1,44.15,MA,58,4,6,77,12540.33
1171,171,March,1,86.16,BA,48,7,9,69,8022.89
1172,172,March,1,42.12,BA,61,10,9,108,8226.23
1173,173,March,1,49.14,MA,45,4,4,55,13361.31
1174,174,March,1,38.46,MA,32,4,5,83,12357.1
1175,175,March,1,33.32,BA,46,6,7,62,7888.71
1176,176,March,1,39.31,MA,34,2,4,96,13984.53
1177,177,March,1,55.75,BA,33,6,4,83,8875.52
1178,178,March,1,81.5,BA,40,5,2,71,8352.1
1179,179,March,1,60.55,MA,50,5,9,71,15352.89
1180,180,March,1,64.16,MA,45,4,10,91,14363.5
1181,181,March,1,15.37,Pupil,82,12,2,60,NA
1182,182,March,1,59.68,MA,50,3,10,64,14940.51
1183,183,March,1,44.4,MA,40,2,5,83,15147
1184,184,March,1,10.65,Pupil,95,13,4,89,NA
1185,185,March,1,50.42,PhD,10,6,5,50,12000
1186,186,March,1,36.82,MA,61,3,8,81,14498.27
1187,187,March,1,69.29,MA,43,4,5,58,13373.78
1188,188,March,1,24.68,BA,30,9,5,68,7552.69
1189,189,March,1,31.4,MA,38,6,5,97,13050.35
1190,190,March,1,21.48,MA,34,5,6,92,13788.59
1191,191,March,1,36.46,BA,42,0,6,74,7491.07
1192,192,March,1,48.04,PhD,9,5,4,63,12000
1193,193,March,1,25.37,MA,50,3,6,82,12593.96
1194,194,March,1,56.61,BA,44,3,3,102,7251.88
1195,195,March,1,15.84,Pupil,107,10,2,91,NA
1196,196,March,1,19.04,Soilder,49,8,4,83,1199.91
1197,197,March,1,68.82,BA,53,0,7,78,8316.62
1198,198,March,1,19.68,Soilder,61,6,5,94,1164.82
1199,199,March,1,48.24,MA,37,5,4,91,14845.47
1200,200,March,1,32.38,MA,46,4,3,89,13597.94
1201,201,March,1,48.19,MA,52,5,9,67,13991.94
1202,202,March,1,73.78,BA,41,6,5,35,8516.89
1203,203,March,1,71.73,PhD,9,6,6,68,12000
1204,204,March,1,33.38,BA,44,6,3,97,8502.12
1205,205,March,1,10,Pupil,97,8,6,74,NA
1206,206,March,1,89.95,BA,44,7,2,68,7038.87
1207,207,March,1,53.34,BA,51,9,2,47,8809.85
1208,208,March,1,50.83,BA,46,7,5,68,8259.63
1209,209,March,1,39.73,MA,37,4,2,64,14696.42
1210,210,March,1,50.2,BA,23,5,7,68,8026.76
1211,211,March,1,36.71,MA,35,3,2,78,11876.93
1212,212,March,1,48.41,BA,42,7,4,74,7895.96
1213,213,March,1,32,MA,21,4,4,97,12941.76
1214,214,March,1,12.6,Pupil,104,9,4,53,NA
1215,215,March,1,59.76,MA,29,5,4,54,15291.27
1216,216,March,1,70.39,PhD,9,4,2,60,12000
1217,217,March,1,33.83,PhD,9,8,6,77,12000
1218,218,March,1,14.93,Pupil,101,13,3,111,NA
1219,219,March,1,52.84,MA,48,2,3,98,13162.6
1220,220,March,1,39.11,MA,39,3,5,71,14374.82
1221,221,March,1,10,Pupil,124,9,4,64,NA
1222,222,March,1,40.04,MA,50,4,6,97,12296.9
1223,223,March,1,27.39,BA,33,4,5,82,7479.25
1224,224,March,1,33.18,BA,36,8,4,71,8384.37
1225,225,March,1,16.87,Pupil,93,9,2,77,NA
1226,226,March,1,76.06,MA,33,4,6,96,13937.7
1227,227,March,1,33.38,MA,46,6,3,76,15246.21
1228,228,March,1,10,Pupil,120,6,2,81,NA
1229,229,March,1,43.94,PhD,10,5,5,89,12000
1230,230,March,1,45.26,MA,43,5,6,69,13696.16
1231,231,March,1,20.28,Soilder,46,5,5,47,1031.81
1232,232,March,1,10,Pupil,94,6,8,77,NA
1233,233,March,1,27.19,MA,37,3,3,96,15897.26
1234,234,March,1,51.41,MA,48,4,5,74,15787.98
1235,235,March,1,38.81,MA,46,5,4,88,14702.58
1236,236,March,1,38.04,BA,43,8,2,69,8811.77
1237,237,March,1,51.22,MA,35,2,3,63,13390.01
1238,238,March,1,16.27,Pupil,97,8,4,83,NA
1239,239,March,1,61.94,MA,49,4,4,71,11917.15
1240,240,March,1,39.89,BA,48,7,4,89,7291.42
1241,241,March,1,54.15,MA,37,5,4,92,14241.52
1242,242,March,1,60.68,MA,36,5,2,71,13665.47
1243,243,March,1,44.47,MA,46,4,2,78,13578.83
1244,244,March,1,22.43,MA,51,3,8,91,14249.12
1245,245,March,1,63.26,PhD,9,6,3,101,12000
1246,246,March,1,10,Pupil,105,10,2,71,NA
1247,247,March,1,29.1,PhD,11,9,3,69,12000
1248,248,March,1,34.89,BA,38,4,3,73,8623.97
1249,249,March,1,36.68,BA,29,4,4,96,7791.89
1250,250,March,1,60.41,MA,36,4,3,64,13953.47
1251,251,March,2,42.72,MA,43,3,2,83,15602.58
1252,252,March,2,48.14,MA,43,4,3,69,14868.83
1253,253,March,2,38.61,BA,26,4,2,62,8189.19
1254,254,March,2,35.05,PhD,11,7,3,73,12000
1255,255,March,2,53.91,MA,34,4,4,64,11321.96
1256,256,March,2,62.92,MA,19,5,5,47,12966.36
1257,257,March,2,10,Pupil,105,8,10,36,NA
1258,258,March,2,51.45,MA,17,4,4,61,13446.02
1259,259,March,2,47.49,PhD,10,7,4,60,12000
1260,260,March,2,31.49,MA,42,3,10,49,13016.19
1261,261,March,2,59.02,MA,29,4,4,68,12783.47
1262,262,March,2,32.22,BA,32,4,5,60,7857.48
1263,263,March,2,34.31,MA,20,4,9,74,13361.38
1264,264,March,2,57.15,BA,21,6,5,80,8871.42
1265,265,March,2,74.39,MA,36,2,2,56,14031.18
1266,266,March,2,45.4,MA,32,3,2,51,12658.95
1267,267,March,2,31.56,MA,28,4,3,64,16187.99
1268,268,March,2,16.22,Pupil,114,10,4,81,NA
1269,269,March,2,33.38,MA,24,3,6,42,16042.56
1270,270,March,2,21.2,MA,51,4,3,53,13108.58
1271,271,March,2,34.82,MA,31,3,4,54,13415.97
1272,272,March,2,47.89,MA,40,6,2,68,15085.74
1273,273,March,2,22.96,BA,40,4,5,94,8278.76
1274,274,March,2,92.98,BA,40,4,2,57,7181.58
1275,275,March,2,43.12,BA,36,5,6,58,7864.23
1276,276,March,2,62.6,BA,22,6,8,42,8545.9
1277,277,March,2,10,Pupil,97,9,3,50,NA
1278,278,March,2,54.82,BA,40,5,2,74,8026.04
1279,279,March,2,13.68,Pupil,93,9,2,54,NA
1280,280,March,2,58.4,PhD,12,6,4,57,12000
1281,281,March,2,47.96,MA,29,5,7,58,15248.79
1282,282,March,2,31.85,MA,30,4,6,62,13544.45
1283,283,March,2,66.49,MA,27,5,4,83,12514.53
1284,284,March,2,25.98,BA,32,9,3,78,8734.59
1285,285,March,2,28.39,BA,41,5,2,89,7889.12
1286,286,March,2,19.98,Soilder,37,6,2,39,697.77
1287,287,March,2,26.64,MA,32,3,3,57,13586.11
1288,288,March,2,58.9,BA,41,6,10,76,8994.61
1289,289,March,2,48.67,MA,48,4,6,60,12516.17
1290,290,March,2,60.1,MA,33,4,7,67,13098.98
1291,291,March,2,32.2,MA,37,2,3,56,13331.69
1292,292,March,2,47.53,BA,36,5,2,39,7071.92
1293,293,March,2,44.88,BA,25,3,5,48,9341.96
1294,294,March,2,11.47,Pupil,103,11,4,88,NA
1295,295,March,2,75.57,MA,50,3,2,60,15295.67
1296,296,March,2,42.69,MA,41,5,8,85,13061.37
1297,297,March,2,55.31,MA,39,4,6,75,13600.37
1298,298,March,2,59.1,MA,34,5,9,73,13836.35
1299,299,March,2,38.99,MA,37,5,4,83,14729.83
1300,300,March,2,33.88,MA,35,4,6,43,13950.08
1301,301,March,2,57.87,MA,33,3,7,56,13502
1302,302,March,2,19.05,Soilder,35,9,3,60,860.41
1303,303,March,2,79.43,MA,25,4,5,51,13635.11
1304,304,March,2,32.33,PhD,10,8,2,60,12000
1305,305,March,2,73.08,PhD,12,7,3,36,12000
1306,306,March,2,70.24,BA,31,9,8,46,8072.59
1307,307,March,2,41.66,MA,44,3,3,70,14929.24
1308,308,March,2,51.34,MA,28,4,4,65,15409.37
1309,309,March,2,19.51,Soilder,48,5,2,80,1005.38
1310,310,March,2,46.46,MA,30,6,7,60,13982.77
1311,311,March,2,60.87,MA,14,3,2,58,15978.69
1312,312,March,2,41.98,MA,46,3,2,58,14424.9
1313,313,March,2,30.92,MA,43,3,6,50,15192.97
1314,314,March,2,26.88,BA,27,4,6,65,8220.48
1315,315,March,2,39.28,BA,22,2,2,48,7785.45
1316,316,March,2,61.38,BA,18,10,2,69,7811.17
1317,317,March,2,30.32,MA,31,5,3,61,12934.99
1318,318,March,2,37.58,MA,18,3,9,74,14407.86
1319,319,March,2,14.12,Pupil,108,7,7,78,NA
1320,320,March,2,49.89,MA,35,4,4,58,12838.27
1321,321,March,2,66.16,BA,41,2,4,58,7679.09
1322,322,March,2,69.94,MA,27,5,6,63,15001.54
1323,323,March,2,56.29,BA,32,7,2,54,7903.24
1324,324,March,2,10,Pupil,91,11,2,83,NA
1325,325,March,2,49.64,MA,48,6,2,62,14906.15
1326,326,March,2,49.12,BA,25,9,3,75,8200.57
1327,327,March,2,32.93,MA,20,4,7,68,15059.49
1328,328,March,2,43.41,MA,18,5,9,81,14809.27
1329,329,March,2,22.72,MA,38,3,2,61,11310.41
1330,330,March,2,53.58,BA,32,3,5,29,7716.48
1331,331,March,2,33.46,MA,40,5,2,70,13809.71
1332,332,March,2,10,Pupil,94,6,7,50,NA
1333,333,March,2,32.65,MA,36,3,3,69,13191.84
1334,334,March,2,67.29,MA,35,3,4,50,14086.91
1335,335,March,2,33.31,BA,33,8,2,62,7882.85
1336,336,March,2,54.66,BA,28,3,3,56,8631.26
1337,337,March,2,58.93,MA,45,2,3,61,12506.53
1338,338,March,2,40.09,PhD,9,7,9,54,12000
1339,339,March,2,32.95,PhD,10,6,5,50,12000
1340,340,March,2,29.41,MA,35,6,4,65,15369.79
1341,341,March,2,54.79,MA,49,4,3,48,13221.26
1342,342,March,2,18.73,Soilder,39,6,4,60,1126.41
1343,343,March,2,44.92,BA,31,8,3,60,8154.01
1344,344,March,2,34.21,MA,33,4,4,56,13962.36
1345,345,March,2,10,Pupil,112,10,8,84,NA
1346,346,March,2,11.82,Pupil,102,12,2,39,NA
1347,347,March,2,58.32,MA,48,3,3,63,11973.47
1348,348,March,2,36.17,MA,43,4,7,48,15222.28
1349,349,March,2,56.07,BA,27,6,7,47,7913.16
1350,350,March,2,77.75,BA,36,7,3,63,8332.01
1351,351,March,2,69.48,MA,35,3,2,91,13082.56
1352,352,March,2,53.55,MA,24,4,5,81,13615.03
1353,353,March,2,47.6,MA,46,5,3,65,14953.02
1354,354,March,2,36.14,MA,32,4,7,54,14100.81
1355,355,March,2,71.56,MA,35,5,4,89,15459.6
1356,356,March,2,51.92,MA,36,4,2,61,13516.92
1357,357,March,2,16.53,Pupil,97,12,2,51,NA
1358,358,March,2,36.89,MA,24,3,4,46,13350.73
1359,359,March,2,10,Pupil,97,7,5,56,NA
1360,360,March,2,36.09,PhD,10,8,3,84,12000
1361,361,March,2,10,Pupil,96,10,3,77,NA
1362,362,March,2,66.28,PhD,11,7,9,70,12000
1363,363,March,2,27.29,MA,36,6,5,43,14811.31
1364,364,March,2,31.4,MA,37,3,2,60,15504.68
1365,365,March,2,36.61,MA,22,5,2,77,14064.58
1366,366,March,2,52.24,MA,39,5,3,60,14541.9
1367,367,March,2,53.57,MA,27,4,2,54,13417.67
1368,368,March,2,51.36,MA,29,5,6,64,11788.84
1369,369,March,2,28.55,MA,32,4,3,54,12872.89
1370,370,March,2,12.73,Pupil,80,10,4,58,NA
1371,371,March,2,32.23,MA,32,4,5,94,11975.95
1372,372,March,2,45.56,MA,30,4,4,70,14420.63
1373,373,March,2,23.54,MA,27,5,9,78,14294.38
1374,374,March,2,38.62,MA,28,5,4,63,14192.5
1375,375,March,2,16.65,Pupil,104,10,5,57,NA
1376,376,March,2,39.83,BA,22,8,2,73,7481.7
1377,377,March,2,42.58,PhD,10,5,5,44,12000
1378,378,March,2,37.08,BA,12,2,2,82,8461.27
1379,379,March,2,36.72,MA,27,6,4,61,13558.56
1380,380,March,2,75.27,MA,29,4,3,26,11873.01
1381,381,March,2,55.25,BA,46,2,7,51,7603.94
1382,382,March,2,62.23,BA,25,10,2,58,8644.41
1383,383,March,2,21.54,MA,26,4,4,89,14568.89
1384,384,March,2,43.29,MA,22,5,3,62,13050.38
1385,385,March,2,63.1,MA,35,4,7,44,14232.53
1386,386,March,2,38.87,MA,44,4,6,60,14205.75
1387,387,March,2,10,Pupil,93,8,2,51,NA
1388,388,March,2,46.9,BA,30,6,4,43,8263.75
1389,389,March,2,10,Pupil,114,10,4,54,NA
1390,390,March,2,23.78,MA,27,4,3,39,13705.53
1391,391,March,2,66.48,MA,39,5,2,97,15100
1392,392,March,2,52.31,MA,36,5,4,67,14623.13
1393,393,March,2,61.83,MA,22,4,3,70,14499.65
1394,394,March,2,46.13,PhD,10,8,3,48,12000
1395,395,March,2,37.8,BA,40,5,7,80,7399.94
1396,396,March,2,21.51,MA,29,6,2,69,12854.53
1397,397,March,2,71.86,BA,26,4,3,51,8476.15
1398,398,March,2,40.9,BA,30,10,4,62,7382.04
1399,399,March,2,25.7,MA,40,3,4,58,13291.09
1400,400,March,2,57.3,BA,28,6,5,80,7401.17
1401,401,March,2,61.49,MA,17,4,3,61,13150.77
1402,402,March,2,77.91,BA,32,6,4,77,8078.43
1403,403,March,2,27.94,PhD,12,4,2,73,12000
1404,404,March,2,32.18,MA,23,5,5,60,12308.41
1405,405,March,2,31.68,MA,32,4,3,63,14074.68
1406,406,March,2,32.49,BA,23,5,3,51,8971.22
1407,407,March,2,32.67,MA,34,5,2,57,13741.54
1408,408,March,2,34.09,MA,32,3,4,46,14046.79
1409,409,March,2,68.84,MA,33,5,3,58,13105.97
1410,410,March,2,26.05,MA,28,3,4,58,14984.53
1411,411,March,2,32.24,MA,27,5,10,61,13710.46
1412,412,March,2,53.05,MA,41,4,7,95,13728.17
1413,413,March,2,62.5,MA,34,5,6,64,14058.62
1414,414,March,2,24.56,MA,32,4,4,44,15631.41
1415,415,March,2,29.84,MA,7,5,8,75,15217.04
1416,416,March,2,50.47,MA,22,6,5,60,13687.22
1417,417,March,2,60.36,PhD,10,5,8,81,12000
1418,418,March,2,34.98,MA,30,4,4,64,14456.61
1419,419,March,2,11.4,Pupil,95,10,4,83,NA
1420,420,March,2,74.18,MA,30,3,4,63,14353.49
1421,421,March,2,68.7,PhD,9,9,7,57,12000
1422,422,March,2,25.79,BA,29,4,4,89,7883.82
1423,423,March,2,38.7,PhD,11,5,2,46,12000
1424,424,March,2,10,Pupil,97,9,3,68,NA
1425,425,March,2,51.39,MA,42,5,5,50,11004.9
1426,426,March,2,72.25,MA,44,4,3,78,14206.76
1427,427,March,2,10,Pupil,123,9,4,68,NA
1428,428,March,2,24.41,MA,40,3,2,58,16285.43
1429,429,March,2,27.18,MA,25,4,5,58,13994.13
1430,430,March,2,26.38,BA,32,6,8,75,8256.04
1431,431,March,2,10,Pupil,96,8,2,49,NA
1432,432,March,2,50.02,BA,33,7,2,53,8385.48
1433,433,March,2,10,Pupil,101,10,5,68,NA
1434,434,March,2,39.5,MA,28,3,4,74,13204.38
1435,435,March,2,51.86,PhD,10,7,4,42,12000
1436,436,March,2,36.04,MA,51,3,5,65,14499.54
1437,437,March,2,57.84,MA,36,5,8,48,14947.28
1438,438,March,2,39.49,PhD,9,8,3,56,12000
1439,439,March,2,27.05,BA,51,6,3,80,8063.48
1440,440,March,2,52.93,MA,27,4,2,76,14904.96
1441,441,March,2,31.32,BA,43,4,4,61,8191.61
1442,442,March,2,75.45,MA,30,3,4,51,13661.64
1443,443,March,2,39.63,MA,25,5,7,67,14934.73
1444,444,March,2,57.06,BA,44,6,2,83,8915.3
1445,445,March,2,44.1,PhD,9,5,3,75,12000
1446,446,March,2,10,Pupil,93,9,5,68,NA
1447,447,March,2,12.68,Pupil,110,10,4,64,NA
1448,448,March,2,31.52,MA,30,5,6,77,14560.05
1449,449,March,2,44.74,MA,20,4,2,75,15829.67
1450,450,March,2,10,Pupil,105,11,4,74,NA
1451,451,March,2,59.23,MA,20,4,9,54,13834.95
1452,452,March,2,27.91,MA,50,3,2,29,12718.17
1453,453,March,2,24.94,MA,17,4,2,56,14027.32
1454,454,March,2,10,Pupil,118,12,2,80,NA
1455,455,March,2,10.92,Pupil,96,12,6,61,NA
1456,456,March,2,41.13,MA,41,3,8,56,14119.81
1457,457,March,2,50.19,BA,32,6,3,37,8235.88
1458,458,March,2,10,Pupil,83,12,6,56,NA
1459,459,March,2,19.91,Soilder,39,3,2,53,931.22
1460,460,March,2,50.72,BA,46,9,2,56,7094.77
1461,461,March,2,30.94,MA,20,3,2,64,12029.24
1462,462,March,2,83.31,MA,45,4,3,61,14825.8
1463,463,March,2,64.91,BA,35,9,2,80,7719.22
1464,464,March,2,51.91,MA,31,3,5,43,13666.42
1465,465,March,2,40.1,MA,45,4,2,44,14246.56
1466,466,March,2,45.59,MA,41,4,2,49,13754.98
1467,467,March,2,25.88,MA,45,4,2,63,15123.05
1468,468,March,2,52.56,BA,31,4,3,91,8790.38
1469,469,March,2,69.6,BA,40,5,6,81,7586.07
1470,470,March,2,61.67,MA,36,4,2,58,14018.58
1471,471,March,2,23.74,MA,29,5,3,53,14930.23
1472,472,March,2,10,Pupil,111,9,3,80,NA
1473,473,March,2,37.81,BA,35,6,9,67,8522.37
1474,474,March,2,48.82,MA,32,5,4,58,12730.59
1475,475,March,2,67.02,MA,37,3,6,63,15373.61
1476,476,March,2,13.63,Pupil,95,13,5,78,NA
1477,477,March,2,47.29,BA,27,7,10,62,8329.47
1478,478,March,2,44.67,MA,32,3,2,65,13461.01
1479,479,March,2,63.88,BA,56,8,7,74,7351.31
1480,480,March,2,39.44,BA,32,9,4,57,8095.12
1481,481,March,2,32.85,MA,31,0,5,37,15211.4
1482,482,March,2,17.06,Pupil,103,12,5,63,NA
1483,483,March,2,29.65,MA,36,4,7,78,15434.83
1484,484,March,2,32.76,MA,29,4,3,61,13018.41
1485,485,March,2,87.01,PhD,10,5,4,73,12000
1486,486,March,2,88.93,MA,40,5,4,57,12553.9
1487,487,March,2,36.67,BA,34,1,5,51,7964.26
1488,488,March,2,19.13,Soilder,37,6,3,68,920.39
1489,489,March,2,10,Pupil,85,14,3,58,NA
1490,490,March,2,50.29,BA,19,9,4,74,8083.67
1491,491,March,2,18.19,Soilder,34,8,5,76,1051.41
1492,492,March,2,85.69,MA,54,4,4,58,12418.75
1493,493,March,2,22.29,BA,21,8,4,64,8036.52
1494,494,March,2,42.22,BA,25,7,3,75,8673.85
1495,495,March,2,116.21,MA,22,5,5,82,13482.92
1496,496,March,2,17.82,Pupil,115,13,2,58,NA
1497,497,March,2,46.15,PhD,11,8,4,57,12000
1498,498,March,2,17.86,Pupil,117,12,7,60,NA
1499,499,March,2,46.95,PhD,11,5,2,78,12000
1500,500,March,2,22.53,MA,22,2,3,53,14688.31
